alpha,beta,K,C,best_cost
0.6858788322339238,0.8230295814158131,0.47380147552134805,0.675047598171359,1116.2134375032995
