alpha,beta,K,C,best_cost
0.38048399068651856,0.006570872318724589,0.9857361995426625,0.909746377561631,1158.5714252894397
