alpha,beta,K,C,best_cost
0.657734151267959,1.0,0.38516663027215703,0.9616530941601354,1871.3872495482462
