alpha,beta,K,C,best_cost
0.6514734955761657,0.6200804822672826,0.4974993901288392,0.7400414940836009,1233.5319811547333
