alpha,beta,K,C,best_cost
0.001,0.7155949556750011,0.06775368725049319,0.44769935124118865,643.470466217785
