alpha,beta,K,C,best_cost
0.001,0.8066949978953567,0.995,0.15993106281404548,1733.0364271209953
