,sum_sq,df,F,PR(>F)
C(group),0.00538863824867032,4.0,0.28157283563321306,0.886429765333193
Residual,0.0956881766764205,20.0,,
