,sum_sq,df,F,PR(>F)
C(group),4.938798004444512,4.0,6.182351080024443,0.0020854194539243662
Residual,3.9942717103223657,20.0,,
