,sum_sq,df,F,PR(>F)
C(group),564.3837208294883,4.0,140.92034879959377,2.3778834900292427e-14
Residual,20.024919241156297,20.0,,
