alpha,beta,K,C,best_cost
0.9235867600173486,0.9432234913976296,0.48496182315985487,0.09697549316646097,2935.80308963149
