alpha,beta,K,C,best_cost
0.001,1.0,0.995,0.5428957658690754,1936.6520977961015
