alpha,beta,K,C,best_cost
0.001,0.9768917581040807,0.7884166071675932,0.9312032462313216,770.7791908947887
