alpha,beta,K,C,best_cost
0.001,0.3857045784771669,0.3589670794967222,0.4413766762844228,1241.7554075105577
