alpha,beta,K,C,best_cost
1.0,0.6755133102061877,0.42305862247918724,0.995,3630.8089654831815
