alpha,beta,K,C,best_cost
0.6823322939838079,0.40950775036183495,0.7354235113048162,0.545125657784151,844.8951107630805
