alpha,beta,K,C,best_cost
0.8974325190246232,0.2788218786224305,0.9932733357290608,0.995,1502.727814185094
