alpha,beta,K,C,best_cost
0.001,0.5258826870705486,0.995,0.5532802685446588,1821.1801095918606
