alpha,beta,K,C,best_cost
0.001,0.7642152918716519,0.995,0.995,309.18478110355073
