alpha,beta,K,C,best_cost
0.001,0.6565688653398377,0.8857250176537766,0.005,215.86627629824696
