alpha,beta,K,C,best_cost
0.001,1.0,0.33766086048226984,0.005,257.6593712039625
