alpha,beta,K,C,best_cost
0.001,0.4032334034801653,0.005636644193174468,0.5497772789295097,195.34177547800365
