alpha,beta,K,C,best_cost
0.001,0.15977915153913394,0.20985594345147085,0.6690498333059233,231.87727133812146
