alpha,beta,K,C,best_cost
0.001,0.026162729113803452,0.673631309241633,0.4656584387884882,274.1593195612588
