alpha,beta,K,C,best_cost
0.6638890282283123,0.31486610734801423,0.995,0.40332616838405116,155.3373375369313
