alpha,beta,K,C,best_cost
0.21253458624002558,0.10356598705304293,0.38450805132533883,0.08709836862640707,358.5051089699171
