alpha,beta,K,C,best_cost
0.09957412012500323,0.738132834426771,0.9309029846256682,0.009311257861036148,648.3283841462204
