alpha,beta,K,C,best_cost
0.26497779086335094,0.16418583717752114,0.4484714795556746,0.09332025219732665,970.7613620793918
