alpha,beta,K,C,best_cost
0.9259279162427849,0.44392473066115706,0.44343580874110117,0.5627882566133483,756.4805317060559
