alpha,beta,K,C,best_cost
0.4854684969899747,0.5949425826054613,0.9800217566113961,0.6473984399027524,2349.551343569867
