,sum_sq,df,F,PR(>F)
C(group),230816201.3599999,4.0,3.7373411726271524,0.019876047245194265
Residual,308797338.4,20.0,,
