,sum_sq,df,F,PR(>F)
C(group),107.3427489066132,4.0,8.329096176659746,0.00039990756425471074
Residual,64.43841362248583,20.0,,
