alpha,beta,K,C,best_cost
0.08574276086492552,0.8215334919512978,0.37344622360276175,0.005,794.590588649227
