alpha,beta,K,C,best_cost
0.001,0.636960188552916,0.9545058687933881,0.3490377946994143,2757.519568692163
