,sum_sq,df,F,PR(>F)
C(group),2611229727464324.0,4.0,8.79751511039337,0.0002880855887824221
Residual,1484072317408936.0,20.0,,
