,sum_sq,df,F,PR(>F)
C(group),3201311135068.241,4.0,22.31092248027896,3.878548665475883e-07
Residual,717431369746.7999,20.0,,
