alpha,beta,K,C,best_cost
0.8819886573797068,0.5713371904150482,0.7193888396239625,0.5418860508149623,922.1280773685479
