alpha,beta,K,C,best_cost
1.0,0.8388648905063764,0.04232505611976482,0.005,1530.895074139079
