,sum_sq,df,F,PR(>F)
C(group),34644.560073060726,4.0,9.285528600660246,0.00020691668991854755
Residual,18655.136160259808,20.0,,
