,sum_sq,df,F,PR(>F)
C(group),0.009446479111049387,4.0,2.522107428495943,0.07329697882017115
Residual,0.018727352777123354,20.0,,
